Votum stellarum -forest #25 RMX-	フリーパス	月光蝶	Pa la la 42	chilblain
Cleopatrysm	黒髪乱れし修羅となりて～凛 edition～	踊るフィーバーロボ　Eu-Robot mix	KING of the SEA
PRANA	僕らの旅はどこまでも	FLOWER	Jetcoaster Windy	Treasure Hoard
Habits	Manhattan Sports Club	Holy Forest	ちくわパフェだよ☆ＣＫＰ	ススメ！少年！！	在るが儘に
恋する☆宇宙戦争っ！！	断罪プラズマ	BBLLAASSTT!!	AsiaN distractive	デパ地下のお話	天庭 おとこのこ編
KIMONO♥PRINCESS	virtual killer	Russian Caravan Rhapsody	Squeeze	十界
カゲロウ	神曲	でんがなマンガナ	水晶塔のオルカ	なまいきプリンセス
エイプリルフールの唄	full-consciousness green	キリステゴメン	Swinging Skulls
Little prayer	For Dear ～	セツナトリップ	漆黒のスペシャルプリンセスサンデー	Violently Car
Slime Molds	彼女は快刀乱麻	ice crystals	Amalgamation	ストレイ・マーチ
メンテナンス物語	地の記　獄編	TRUTH behind U	オッタマゲッター	叛逆のディスパレート	銃弾は解を撃ち抜いて
乙女繚乱 舞い咲き誇れ	鴉	たまゆら	文明開化	speedstar[02]
ON-DO	Empty Backdoor	世界の果てに約束の凱歌を-pop'n ver.-	ユメブキ	ACCELERATION
真超深ＴＩＯＮ	凛として咲く花の如く　～ひなビタ♪edition～	DOES NOT COMPUTE	デュスノミア	煌-灼熱の裁き-
Amulet of Enbarr	Celsus	誰がために陽はのぼる	情操ディストピア	Catch Our Fire!
雷君	けもののおうじゃ★めうめう	Monkshood	如雨露姫が世界征服	天庭
THE SAFARI - NEETs ver. -	In The Ruins	ATTRACTION！	I'm so Happy	Ancient Heritage	BLAZE∞BREEZE
On dish or maindish?	へんたいトリロジー	ISERBROOK	1/6billionth	極悪の華
Peragro	情熱タンデムRUNAWAY	Romance	Danza Pantera	革命パッショネイト